{
	"format_version": "1.16.100",
	"minecraft:block": {
		"description": {
			"identifier": "block:vertical_slab",
			"is_experimental": false,
			"properties": {
				"block:facing_direction": [
					0,
					1,
					2,
					3
				]
			}
		},
		"permutations": [
			{
				"condition": "query.block_property('block:facing_direction') == 0",
				"components": {
					"minecraft:rotation": [
						0,
						180,
						0
					],
					"minecraft:entity_collision": {
						"origin": [
							-8,
							0,
							-8
						],
						"size": [
							16,
							16,
							8
						]
					}
				}
			},
			{
				"condition": "query.block_property('block:facing_direction') == 1",
				"components": {
					"minecraft:rotation": [
						0,
						0,
						0
					],
					"minecraft:entity_collision": {
						"origin": [
							-8,
							0,
							0
						],
						"size": [
							16,
							16,
							8
						]
					}
				}
			},
			{
				"condition": "query.block_property('block:facing_direction') == 2",
				"components": {
					"minecraft:rotation": [
						0,
						270,
						0
					],
					"minecraft:entity_collision": {
						"origin": [
							0,
							0,
							-8
						],
						"size": [
							8,
							16,
							16
						]
					}
				}
			},
			{
				"condition": "query.block_property('block:facing_direction') == 3",
				"components": {
					"minecraft:rotation": [
						0,
						90,
						0
					],
					"minecraft:entity_collision": {
						"origin": [
							-8,
							0,
							-8
						],
						"size": [
							8,
							16,
							16
						]
					}
				}
			}
		],
		"components": {
			"minecraft:destroy_time": 3,
			"minecraft:material_instances": {
				"*": {
					"texture": "vertical_slab",
					"render_method": "alpha_test"
				}
			},
			"minecraft:block_light_absorption": 0,
			"minecraft:geometry": "geometry.vertical_slab",
			"minecraft:on_player_placing": {
				"event": "set_placing_rotation"
			},
			"tag:minecraft:wood": {}
		},
		"events": {
			"set_placing_rotation": {
				"set_block_property": {
					"block:facing_direction": "query.cardinal_facing_2d-2"
				}
			}
		}
	}
}